# Redirects for old .html URLs to clean URLs
/plugins.html /plugins 301
/faq.html /faq 301
/guides.html /guides 301
/contacts.html /contacts 301
/privacy.html /privacy 301
/terms.html /terms 301

# Redirect plugin pages from .html to clean URLs
/plugins/*.html /plugins/:splat 301

# Redirect root (optional)
/index.html / 301 